<?xml version="1.0" encoding="UTF-8"?>
<metadata xml:lang="es"><Esri><CreaDate>20140110</CreaDate><CreaTime>10244100</CreaTime><ArcGISFormat>1.0</ArcGISFormat><SyncOnce>FALSE</SyncOnce><DataProperties><lineage><Process ToolSource="C:\Program Files (x86)\ArcGIS\Desktop10.0\ArcToolbox\Toolboxes\Data Management Tools.tbx\CalculateField" Date="20131106" Time="132708">CalculateField sde.SDE.Calles_Proceso_P N_SISTEMAS "INGENIERO JORGE VILLASEÑOR" VB #</Process><Process ToolSource="C:\Program Files (x86)\ArcGIS\Desktop10.0\ArcToolbox\Toolboxes\Data Management Tools.tbx\CalculateField" Date="20131106" Time="132503">CalculateField sde.SDE.Calles_Proceso_P BANDERA_SISTEMAS 1 VB #</Process><Process ToolSource="C:\Program Files (x86)\ArcGIS\Desktop10.0\ArcToolbox\Toolboxes\Data Management Tools.tbx\CalculateField" Date="20131106" Time="132726">CalculateField sde.SDE.Calles_Proceso_P BANDERA_SISTEMAS 1 VB #</Process><Process ToolSource="C:\Program Files (x86)\ArcGIS\Desktop10.0\ArcToolbox\Toolboxes\Data Management Tools.tbx\CalculateField" Date="20131106" Time="132525">CalculateField sde.SDE.Calles_Proceso_P N_SISTEMAS "J DEL FIERRO" VB #</Process><Process ToolSource="C:\Program Files (x86)\ArcGIS\Desktop10.0\ArcToolbox\Toolboxes\Data Management Tools.tbx\CalculateField" Date="20131106" Time="132622">CalculateField sde.SDE.Calles_Proceso_P N_SISTEMAS "J. DEL FIERRO" VB #</Process><Process ToolSource="C:\Program Files (x86)\ArcGIS\Desktop10.0\ArcToolbox\Toolboxes\Data Management Tools.tbx\CalculateField" Date="20131106" Time="132645">CalculateField sde.SDE.Calles_Proceso_P N_SISTEMAS "G. MARQUEZ" VB #</Process><Process ToolSource="C:\Program Files (x86)\ArcGIS\Desktop10.0\ArcToolbox\Toolboxes\Data Management Tools.tbx\CalculateField" Date="20131106" Time="132711">CalculateField sde.SDE.Calles_Proceso_P BANDERA_SISTEMAS 1 VB #</Process><Process ToolSource="C:\Program Files (x86)\ArcGIS\Desktop10.0\ArcToolbox\Toolboxes\Data Management Tools.tbx\CalculateField" Date="20131106" Time="132959">CalculateField sde.SDE.Calles_Proceso_P BANDERA_SISTEMAS 1 VB #</Process><Process ToolSource="C:\Program Files (x86)\ArcGIS\Desktop10.0\ArcToolbox\Toolboxes\Data Management Tools.tbx\CalculateField" Date="20131106" Time="133016">CalculateField sde.SDE.Calles_Proceso_P N_SISTEMAS "MIGUEL GONZALEZ" VB #</Process><Process ToolSource="C:\Program Files (x86)\ArcGIS\Desktop10.0\ArcToolbox\Toolboxes\Data Management Tools.tbx\CalculateField" Date="20131106" Time="133103">CalculateField sde.SDE.Calles_Proceso_P N_SISTEMAS "SANTIAGO GONZALEZ" VB #</Process><Process ToolSource="C:\Program Files (x86)\ArcGIS\Desktop10.0\ArcToolbox\Toolboxes\Data Management Tools.tbx\CalculateField" Date="20131106" Time="133121">CalculateField sde.SDE.Calles_Proceso_P BANDERA_SISTEMAS 1 VB #</Process><Process ToolSource="C:\Program Files (x86)\ArcGIS\Desktop10.0\ArcToolbox\Toolboxes\Data Management Tools.tbx\CalculateField" Date="20131106" Time="133234">CalculateField sde.SDE.Calles_Proceso_P BANDERA_SISTEMAS 1 VB #</Process><Process ToolSource="C:\Program Files (x86)\ArcGIS\Desktop10.0\ArcToolbox\Toolboxes\Data Management Tools.tbx\CalculateField" Date="20131106" Time="133253">CalculateField sde.SDE.Calles_Proceso_P N_SISTEMAS "ENRIQUE COLUNGA" VB #</Process><Process ToolSource="C:\Program Files (x86)\ArcGIS\Desktop10.0\ArcToolbox\Toolboxes\Data Management Tools.tbx\CalculateField" Date="20131106" Time="135233">CalculateField sde.SDE.Calles_Proceso_P N_SISTEMAS "LIC. NATIVIDAD MACIAS" VB #</Process><Process ToolSource="C:\Program Files (x86)\ArcGIS\Desktop10.0\ArcToolbox\Toolboxes\Data Management Tools.tbx\CalculateField" Date="20131106" Time="135242">CalculateField sde.SDE.Calles_Proceso_P BANDERA_SISTEMAS 1 VB #</Process><Process ToolSource="C:\Program Files (x86)\ArcGIS\Desktop10.0\ArcToolbox\Toolboxes\Data Management Tools.tbx\CalculateField" Date="20131106" Time="135403">CalculateField sde.SDE.Calles_Proceso_P N_SISTEMAS "LIC. FELIX PALAVICINI" VB #</Process><Process ToolSource="C:\Program Files (x86)\ArcGIS\Desktop10.0\ArcToolbox\Toolboxes\Data Management Tools.tbx\CalculateField" Date="20131106" Time="135410">CalculateField sde.SDE.Calles_Proceso_P BANDERA_SISTEMAS 1 VB #</Process><Process ToolSource="C:\Program Files (x86)\ArcGIS\Desktop10.0\ArcToolbox\Toolboxes\Data Management Tools.tbx\CalculateField" Date="20131106" Time="135518">CalculateField sde.SDE.Calles_Proceso_P N_SISTEMAS "ANTONIO MADRAZO" VB #</Process><Process ToolSource="C:\Program Files (x86)\ArcGIS\Desktop10.0\ArcToolbox\Toolboxes\Data Management Tools.tbx\CalculateField" Date="20131106" Time="135527">CalculateField sde.SDE.Calles_Proceso_P BANDERA_SISTEMAS 1 VB #</Process><Process ToolSource="C:\Program Files (x86)\ArcGIS\Desktop10.0\ArcToolbox\Toolboxes\Data Management Tools.tbx\CalculateField" Date="20131106" Time="135655">CalculateField sde.SDE.Calles_Proceso_P N_SISTEMAS "GENERAL IGNACIO L. PESQUEIRA" VB #</Process><Process ToolSource="C:\Program Files (x86)\ArcGIS\Desktop10.0\ArcToolbox\Toolboxes\Data Management Tools.tbx\CalculateField" Date="20131106" Time="135719">CalculateField sde.SDE.Calles_Proceso_P BANDERA_SISTEMAS 1 VB #</Process><Process ToolSource="C:\Program Files (x86)\ArcGIS\Desktop10.0\ArcToolbox\Toolboxes\Data Management Tools.tbx\CalculateField" Date="20131106" Time="140639">CalculateField sde.SDE.Calles_Proceso_P N_SISTEMAS "GENERAL SALVADOR GONZALEZ" VB #</Process><Process ToolSource="C:\Program Files (x86)\ArcGIS\Desktop10.0\ArcToolbox\Toolboxes\Data Management Tools.tbx\CalculateField" Date="20131106" Time="140650">CalculateField sde.SDE.Calles_Proceso_P BANDERA_SISTEMAS 1 VB #</Process><Process ToolSource="C:\Program Files (x86)\ArcGIS\Desktop10.0\ArcToolbox\Toolboxes\Data Management Tools.tbx\CalculateField" Date="20131106" Time="140720">CalculateField sde.SDE.Calles_Proceso_P N_SISTEMAS "GENERAL SALVADOR GONZALEZ" VB #</Process><Process ToolSource="C:\Program Files (x86)\ArcGIS\Desktop10.0\ArcToolbox\Toolboxes\Data Management Tools.tbx\CalculateField" Date="20131106" Time="140736">CalculateField sde.SDE.Calles_Proceso_P BANDERA_SISTEMAS 1 VB #</Process><Process ToolSource="C:\Program Files (x86)\ArcGIS\Desktop10.0\ArcToolbox\Toolboxes\Data Management Tools.tbx\CalculateField" Date="20131106" Time="141100">CalculateField sde.SDE.Calles_Proceso_P N_SISTEMAS "RAFAEL VEGA SANCHEZ" VB #</Process><Process ToolSource="C:\Program Files (x86)\ArcGIS\Desktop10.0\ArcToolbox\Toolboxes\Data Management Tools.tbx\CalculateField" Date="20131106" Time="141109">CalculateField sde.SDE.Calles_Proceso_P BANDERA_SISTEMAS 1 VB #</Process><Process ToolSource="C:\Program Files (x86)\ArcGIS\Desktop10.0\ArcToolbox\Toolboxes\Data Management Tools.tbx\CalculateField" Date="20131106" Time="141239">CalculateField sde.SDE.Calles_Proceso_P N_SISTEMAS "VENUSTIANO CARRANZA" VB #</Process><Process ToolSource="C:\Program Files (x86)\ArcGIS\Desktop10.0\ArcToolbox\Toolboxes\Data Management Tools.tbx\CalculateField" Date="20131106" Time="141246">CalculateField sde.SDE.Calles_Proceso_P BANDERA_SISTEMAS 1 VB #</Process><Process ToolSource="C:\Program Files (x86)\ArcGIS\Desktop10.0\ArcToolbox\Toolboxes\Data Management Tools.tbx\CalculateField" Date="20131107" Time="085120">CalculateField sde.SDE.Calles_Proceso_P N_SISTEMAS "JOSE CLEMENTE OROZCO" VB #</Process><Process ToolSource="C:\Program Files (x86)\ArcGIS\Desktop10.0\ArcToolbox\Toolboxes\Data Management Tools.tbx\CalculateField" Date="20131107" Time="085158">CalculateField sde.SDE.Calles_Proceso_P BANDERA_SISTEMAS 1 VB #</Process><Process ToolSource="C:\Program Files (x86)\ArcGIS\Desktop10.0\ArcToolbox\Toolboxes\Data Management Tools.tbx\CalculateField" Date="20131107" Time="085539">CalculateField sde.SDE.Calles_Proceso_P N_SISTEMAS "GRAL. MANUEL ANAYA" VB #</Process><Process ToolSource="C:\Program Files (x86)\ArcGIS\Desktop10.0\ArcToolbox\Toolboxes\Data Management Tools.tbx\CalculateField" Date="20131107" Time="085551">CalculateField sde.SDE.Calles_Proceso_P BANDERA_SISTEMAS 1 VB #</Process><Process ToolSource="C:\Program Files (x86)\ArcGIS\Desktop10.0\ArcToolbox\Toolboxes\Data Management Tools.tbx\CalculateField" Date="20131107" Time="085850">CalculateField sde.SDE.Calles_Proceso_P BANDERA_SISTEMAS 1 VB #</Process><Process ToolSource="C:\Program Files (x86)\ArcGIS\Desktop10.0\ArcToolbox\Toolboxes\Data Management Tools.tbx\CalculateField" Date="20131107" Time="085951">CalculateField sde.SDE.Calles_Proceso_P N_SISTEMAS "MANUEL AMAYA" VB #</Process><Process ToolSource="C:\Program Files (x86)\ArcGIS\Desktop10.0\ArcToolbox\Toolboxes\Data Management Tools.tbx\CalculateField" Date="20131107" Time="090638">CalculateField sde.SDE.Calles_Proceso_P BANDERA_SISTEMAS 1 VB #</Process><Process ToolSource="C:\Program Files (x86)\ArcGIS\Desktop10.0\ArcToolbox\Toolboxes\Data Management Tools.tbx\CalculateField" Date="20131107" Time="090705">CalculateField sde.SDE.Calles_Proceso_P N_SISTEMAS "ALFONSO CRAVIOTO" VB #</Process><Process ToolSource="C:\Program Files (x86)\ArcGIS\Desktop10.0\ArcToolbox\Toolboxes\Data Management Tools.tbx\CalculateField" Date="20131107" Time="090739">CalculateField sde.SDE.Calles_Proceso_P N_SISTEMAS "ALFONSO GRAVIOTO" VB #</Process><Process ToolSource="C:\Program Files (x86)\ArcGIS\Desktop10.0\ArcToolbox\Toolboxes\Data Management Tools.tbx\CalculateField" Date="20131107" Time="091005">CalculateField sde.SDE.Calles_Proceso_P N_SISTEMAS "GENERAL AGUSTIN OLACHEA" VB #</Process><Process ToolSource="C:\Program Files (x86)\ArcGIS\Desktop10.0\ArcToolbox\Toolboxes\Data Management Tools.tbx\CalculateField" Date="20131107" Time="091017">CalculateField sde.SDE.Calles_Proceso_P BANDERA_SISTEMAS 1 VB #</Process><Process ToolSource="C:\Program Files (x86)\ArcGIS\Desktop10.0\ArcToolbox\Toolboxes\Data Management Tools.tbx\CalculateField" Date="20131107" Time="091316">CalculateField sde.SDE.Calles_Proceso_P N_SISTEMAS "INGENIERO VICTORIANO GONGORA" VB #</Process><Process ToolSource="C:\Program Files (x86)\ArcGIS\Desktop10.0\ArcToolbox\Toolboxes\Data Management Tools.tbx\CalculateField" Date="20131107" Time="091108">CalculateField sde.SDE.Calles_Proceso_P N_SISTEMAS "LICENCIADO N. MACIAS" VB #</Process><Process ToolSource="C:\Program Files (x86)\ArcGIS\Desktop10.0\ArcToolbox\Toolboxes\Data Management Tools.tbx\CalculateField" Date="20131107" Time="091328">CalculateField sde.SDE.Calles_Proceso_P BANDERA_SISTEMAS 1 VB #</Process><Process ToolSource="C:\Program Files (x86)\ArcGIS\Desktop10.0\ArcToolbox\Toolboxes\Data Management Tools.tbx\CalculateField" Date="20131107" Time="091330">CalculateField sde.SDE.Calles_Proceso_P N_SISTEMAS "GENERAL SALVADOR GONZALEZ T." VB #</Process><Process ToolSource="C:\Program Files (x86)\ArcGIS\Desktop10.0\ArcToolbox\Toolboxes\Data Management Tools.tbx\CalculateField" Date="20131107" Time="091442">CalculateField sde.SDE.Calles_Proceso_P N_SISTEMAS "GRAL. SALVADOR GONZALEZ" VB #</Process><Process ToolSource="C:\Program Files (x86)\ArcGIS\Desktop10.0\ArcToolbox\Toolboxes\Data Management Tools.tbx\CalculateField" Date="20131107" Time="091507">CalculateField sde.SDE.Calles_Proceso_P N_SISTEMAS "GENERAL SALVADOR GONZALEZ T." VB #</Process><Process ToolSource="C:\Program Files (x86)\ArcGIS\Desktop10.0\ArcToolbox\Toolboxes\Data Management Tools.tbx\CalculateField" Date="20131107" Time="091808">CalculateField sde.SDE.Calles_Proceso_P N_SISTEMAS "EPIGMENIO PRECIADO" VB #</Process><Process ToolSource="C:\Program Files (x86)\ArcGIS\Desktop10.0\ArcToolbox\Toolboxes\Data Management Tools.tbx\CalculateField" Date="20131107" Time="091822">CalculateField sde.SDE.Calles_Proceso_P BANDERA_SISTEMAS 1 VB #</Process><Process ToolSource="C:\Program Files (x86)\ArcGIS\Desktop10.0\ArcToolbox\Toolboxes\Data Management Tools.tbx\CalculateField" Date="20131107" Time="091700">CalculateField sde.SDE.Calles_Proceso_P N_SISTEMAS "LICENCIADO LUIS MANUEL ROJAS" VB #</Process><Process ToolSource="C:\Program Files (x86)\ArcGIS\Desktop10.0\ArcToolbox\Toolboxes\Data Management Tools.tbx\CalculateField" Date="20131107" Time="091948">CalculateField sde.SDE.Calles_Proceso_P N_SISTEMAS "LA AURORA" VB #</Process><Process ToolSource="C:\Program Files (x86)\ArcGIS\Desktop10.0\ArcToolbox\Toolboxes\Data Management Tools.tbx\CalculateField" Date="20131107" Time="091836">CalculateField sde.SDE.Calles_Proceso_P BANDERA_SISTEMAS 1 VB #</Process><Process ToolSource="C:\Program Files (x86)\ArcGIS\Desktop10.0\ArcToolbox\Toolboxes\Data Management Tools.tbx\CalculateField" Date="20131107" Time="092332">CalculateField sde.SDE.Calles_Proceso_P BANDERA_SISTEMAS 1 VB #</Process><Process ToolSource="C:\Program Files (x86)\ArcGIS\Desktop10.0\ArcToolbox\Toolboxes\Data Management Tools.tbx\CalculateField" Date="20131107" Time="092229">CalculateField sde.SDE.Calles_Proceso_P N_SISTEMAS "JOSE MANZANO BRISEÑO" VB #</Process><Process ToolSource="C:\Program Files (x86)\ArcGIS\Desktop10.0\ArcToolbox\Toolboxes\Data Management Tools.tbx\CalculateField" Date="20131107" Time="092648">CalculateField sde.SDE.Calles_Proceso_P N_SISTEMAS "JOSE MARIA DE YERMO Y PARRAS" VB #</Process><Process ToolSource="C:\Program Files (x86)\ArcGIS\Desktop10.0\ArcToolbox\Toolboxes\Data Management Tools.tbx\CalculateField" Date="20131107" Time="092659">CalculateField sde.SDE.Calles_Proceso_P BANDERA_SISTEMAS 1 VB #</Process><Process ToolSource="C:\Program Files (x86)\ArcGIS\Desktop10.0\ArcToolbox\Toolboxes\Data Management Tools.tbx\CalculateField" Date="20131107" Time="092755">CalculateField sde.SDE.Calles_Proceso_P N_SISTEMAS "DE ALVARADO" VB #</Process><Process ToolSource="C:\Program Files (x86)\ArcGIS\Desktop10.0\ArcToolbox\Toolboxes\Data Management Tools.tbx\CalculateField" Date="20131107" Time="092611">CalculateField sde.SDE.Calles_Proceso_P BANDERA_SISTEMAS 1 VB #</Process><Process ToolSource="C:\Program Files (x86)\ArcGIS\Desktop10.0\ArcToolbox\Toolboxes\Data Management Tools.tbx\CalculateField" Date="20131107" Time="092627">CalculateField sde.SDE.Calles_Proceso_P N_SISTEMAS "LARIOS FERNANDO" VB #</Process><Process ToolSource="C:\Program Files (x86)\ArcGIS\Desktop10.0\ArcToolbox\Toolboxes\Data Management Tools.tbx\CalculateField" Date="20131107" Time="092844">CalculateField sde.SDE.Calles_Proceso_P BANDERA_SISTEMAS 1 VB #</Process><Process ToolSource="C:\Program Files (x86)\ArcGIS\Desktop10.0\ArcToolbox\Toolboxes\Data Management Tools.tbx\CalculateField" Date="20131107" Time="092702">CalculateField sde.SDE.Calles_Proceso_P N_SISTEMAS "FERNANDO LARIOS" VB #</Process><Process ToolSource="C:\Program Files (x86)\ArcGIS\Desktop10.0\ArcToolbox\Toolboxes\Data Management Tools.tbx\CalculateField" Date="20131107" Time="092742">CalculateField sde.SDE.Calles_Proceso_P BANDERA_SISTEMAS 1 VB #</Process><Process ToolSource="C:\Program Files (x86)\ArcGIS\Desktop10.0\ArcToolbox\Toolboxes\Data Management Tools.tbx\CalculateField" Date="20131107" Time="093109">CalculateField sde.SDE.Calles_Proceso_P N_SISTEMAS "BEATRIZ HERNANDEZ" VB #</Process><Process ToolSource="C:\Program Files (x86)\ArcGIS\Desktop10.0\ArcToolbox\Toolboxes\Data Management Tools.tbx\CalculateField" Date="20131107" Time="093122">CalculateField sde.SDE.Calles_Proceso_P BANDERA_SISTEMAS 1 VB #</Process><Process ToolSource="C:\Program Files (x86)\ArcGIS\Desktop10.0\ArcToolbox\Toolboxes\Data Management Tools.tbx\CalculateField" Date="20131107" Time="092940">CalculateField sde.SDE.Calles_Proceso_P BANDERA_SISTEMAS 1 VB #</Process><Process ToolSource="C:\Program Files (x86)\ArcGIS\Desktop10.0\ArcToolbox\Toolboxes\Data Management Tools.tbx\CalculateField" Date="20131107" Time="093543">CalculateField sde.SDE.Calles_Proceso_P N_SISTEMAS "ANDADOR 2" VB #</Process><Process ToolSource="C:\Program Files (x86)\ArcGIS\Desktop10.0\ArcToolbox\Toolboxes\Data Management Tools.tbx\CalculateField" Date="20131107" Time="093556">CalculateField sde.SDE.Calles_Proceso_P BANDERA_SISTEMAS 1 VB #</Process><Process ToolSource="C:\Program Files (x86)\ArcGIS\Desktop10.0\ArcToolbox\Toolboxes\Data Management Tools.tbx\CalculateField" Date="20131107" Time="093626">CalculateField sde.SDE.Calles_Proceso_P N_SISTEMAS "ANDADOR 1" VB #</Process><Process ToolSource="C:\Program Files (x86)\ArcGIS\Desktop10.0\ArcToolbox\Toolboxes\Data Management Tools.tbx\CalculateField" Date="20131107" Time="093637">CalculateField sde.SDE.Calles_Proceso_P BANDERA_SISTEMAS 1 VB #</Process><Process ToolSource="C:\Program Files (x86)\ArcGIS\Desktop10.0\ArcToolbox\Toolboxes\Data Management Tools.tbx\CalculateField" Date="20131107" Time="093443">CalculateField sde.SDE.Calles_Proceso_P CALLES_COLEGIO 1 VB #</Process><Process ToolSource="C:\Program Files (x86)\ArcGIS\Desktop10.0\ArcToolbox\Toolboxes\Data Management Tools.tbx\CalculateField" Date="20131107" Time="093506">CalculateField sde.SDE.Calles_Proceso_P N_SISTEMAS "EDUARDO COLLINGNON" VB #</Process><Process ToolSource="C:\Program Files (x86)\ArcGIS\Desktop10.0\ArcToolbox\Toolboxes\Data Management Tools.tbx\CalculateField" Date="20131107" Time="093909">CalculateField sde.SDE.Calles_Proceso_P N_SISTEMAS "PRIVADA CALLEJON GUADALUPE" VB #</Process><Process ToolSource="C:\Program Files (x86)\ArcGIS\Desktop10.0\ArcToolbox\Toolboxes\Data Management Tools.tbx\CalculateField" Date="20131107" Time="093920">CalculateField sde.SDE.Calles_Proceso_P BANDERA_SISTEMAS 1 VB #</Process><Process ToolSource="C:\Program Files (x86)\ArcGIS\Desktop10.0\ArcToolbox\Toolboxes\Data Management Tools.tbx\CalculateField" Date="20131107" Time="093922">CalculateField sde.SDE.Calles_Proceso_P BANDERA_SISTEMAS 1 VB #</Process><Process ToolSource="C:\Program Files (x86)\ArcGIS\Desktop10.0\ArcToolbox\Toolboxes\Data Management Tools.tbx\CalculateField" Date="20131107" Time="094339">CalculateField sde.SDE.Calles_Proceso_P TIPO "Avenida" VB #</Process><Process ToolSource="C:\Program Files (x86)\ArcGIS\Desktop10.0\ArcToolbox\Toolboxes\Data Management Tools.tbx\CalculateField" Date="20131107" Time="094357">CalculateField sde.SDE.Calles_Proceso_P N_SISTEMAS "DEL CONGRESO" VB #</Process><Process ToolSource="C:\Program Files (x86)\ArcGIS\Desktop10.0\ArcToolbox\Toolboxes\Data Management Tools.tbx\CalculateField" Date="20131107" Time="094410">CalculateField sde.SDE.Calles_Proceso_P BANDERA_SISTEMAS 1 VB #</Process><Process ToolSource="C:\Program Files (x86)\ArcGIS\Desktop10.0\ArcToolbox\Toolboxes\Data Management Tools.tbx\CalculateField" Date="20131107" Time="094718">CalculateField sde.SDE.Calles_Proceso_P BANDERA_SISTEMAS 1 VB #</Process><Process ToolSource="C:\Program Files (x86)\ArcGIS\Desktop10.0\ArcToolbox\Toolboxes\Data Management Tools.tbx\CalculateField" Date="20131107" Time="094735">CalculateField sde.SDE.Calles_Proceso_P N_SISTEMAS "A. GORIBAR" VB #</Process><Process ToolSource="C:\Program Files (x86)\ArcGIS\Desktop10.0\ArcToolbox\Toolboxes\Data Management Tools.tbx\CalculateField" Date="20131107" Time="095027">CalculateField sde.SDE.Calles_Proceso_P TIPO "Avenida" VB #</Process><Process ToolSource="C:\Program Files (x86)\ArcGIS\Desktop10.0\ArcToolbox\Toolboxes\Data Management Tools.tbx\CalculateField" Date="20131107" Time="094821">CalculateField sde.SDE.Calles_Proceso_P BANDERA_SISTEMAS "A. GORIBAR" VB #</Process><Process ToolSource="C:\Program Files (x86)\ArcGIS\Desktop10.0\ArcToolbox\Toolboxes\Data Management Tools.tbx\CalculateField" Date="20131107" Time="095052">CalculateField sde.SDE.Calles_Proceso_P N_SISTEMAS "DEL CONGRESO" VB #</Process><Process ToolSource="C:\Program Files (x86)\ArcGIS\Desktop10.0\ArcToolbox\Toolboxes\Data Management Tools.tbx\CalculateField" Date="20131107" Time="094837">CalculateField sde.SDE.Calles_Proceso_P BANDERA_SISTEMAS 1 VB #</Process><Process ToolSource="C:\Program Files (x86)\ArcGIS\Desktop10.0\ArcToolbox\Toolboxes\Data Management Tools.tbx\CalculateField" Date="20131107" Time="095103">CalculateField sde.SDE.Calles_Proceso_P BANDERA_SISTEMAS 1 VB #</Process><Process ToolSource="C:\Program Files (x86)\ArcGIS\Desktop10.0\ArcToolbox\Toolboxes\Data Management Tools.tbx\CalculateField" Date="20131107" Time="094904">CalculateField sde.SDE.Calles_Proceso_P N_SISTEMAS "MARIA DE LA PEÑA" VB #</Process><Process ToolSource="C:\Program Files (x86)\ArcGIS\Desktop10.0\ArcToolbox\Toolboxes\Data Management Tools.tbx\CalculateField" Date="20131107" Time="095032">CalculateField sde.SDE.Calles_Proceso_P BANDERA_SISTEMAS 1 VB #</Process><Process ToolSource="C:\Program Files (x86)\ArcGIS\Desktop10.0\ArcToolbox\Toolboxes\Data Management Tools.tbx\CalculateField" Date="20131107" Time="095105">CalculateField sde.SDE.Calles_Proceso_P N_SISTEMAS "EDUARDO COLLINGNON" VB #</Process><Process ToolSource="C:\Program Files (x86)\ArcGIS\Desktop10.0\ArcToolbox\Toolboxes\Data Management Tools.tbx\CalculateField" Date="20131107" Time="095333">CalculateField sde.SDE.Calles_Proceso_P N_SISTEMAS "AURELIO ORTEGA" VB #</Process><Process ToolSource="C:\Program Files (x86)\ArcGIS\Desktop10.0\ArcToolbox\Toolboxes\Data Management Tools.tbx\CalculateField" Date="20131107" Time="095435">CalculateField sde.SDE.Calles_Proceso_P BANDERA_SISTEMAS 1 VB #</Process><Process ToolSource="C:\Program Files (x86)\ArcGIS\Desktop10.0\ArcToolbox\Toolboxes\Data Management Tools.tbx\CalculateField" Date="20131107" Time="095519">CalculateField sde.SDE.Calles_Proceso_P N_SISTEMAS "AURELIO ORTEGA" VB #</Process><Process ToolSource="C:\Program Files (x86)\ArcGIS\Desktop10.0\ArcToolbox\Toolboxes\Data Management Tools.tbx\CalculateField" Date="20131107" Time="095533">CalculateField sde.SDE.Calles_Proceso_P BANDERA_SISTEMAS 1 VB #</Process><Process ToolSource="C:\Program Files (x86)\ArcGIS\Desktop10.0\ArcToolbox\Toolboxes\Data Management Tools.tbx\CalculateField" Date="20131107" Time="095834">CalculateField sde.SDE.Calles_Proceso_P N_SISTEMAS "ANTONIO FLORES" VB #</Process><Process ToolSource="C:\Program Files (x86)\ArcGIS\Desktop10.0\ArcToolbox\Toolboxes\Data Management Tools.tbx\CalculateField" Date="20131107" Time="095849">CalculateField sde.SDE.Calles_Proceso_P BANDERA_SISTEMAS 1 VB #</Process><Process ToolSource="C:\Program Files (x86)\ArcGIS\Desktop10.0\ArcToolbox\Toolboxes\Data Management Tools.tbx\CalculateField" Date="20131107" Time="100015">CalculateField sde.SDE.Calles_Proceso_P N_SISTEMAS "TOMAS FIGUEROA" VB #</Process><Process ToolSource="C:\Program Files (x86)\ArcGIS\Desktop10.0\ArcToolbox\Toolboxes\Data Management Tools.tbx\CalculateField" Date="20131107" Time="100025">CalculateField sde.SDE.Calles_Proceso_P BANDERA_SISTEMAS 1 VB #</Process><Process ToolSource="C:\Program Files (x86)\ArcGIS\Desktop10.0\ArcToolbox\Toolboxes\Data Management Tools.tbx\CalculateField" Date="20131107" Time="100135">CalculateField sde.SDE.Calles_Proceso_P BANDERA_SISTEMAS 1 VB #</Process><Process ToolSource="C:\Program Files (x86)\ArcGIS\Desktop10.0\ArcToolbox\Toolboxes\Data Management Tools.tbx\CalculateField" Date="20131107" Time="100630">CalculateField sde.SDE.Calles_Proceso_P N_SISTEMAS "EPIGMENIO PRECIADO" VB #</Process><Process ToolSource="C:\Program Files (x86)\ArcGIS\Desktop10.0\ArcToolbox\Toolboxes\Data Management Tools.tbx\CalculateField" Date="20131107" Time="100638">CalculateField sde.SDE.Calles_Proceso_P BANDERA_SISTEMAS 1 VB #</Process><Process ToolSource="C:\Program Files (x86)\ArcGIS\Desktop10.0\ArcToolbox\Toolboxes\Data Management Tools.tbx\CalculateField" Date="20131107" Time="100750">CalculateField sde.SDE.Calles_Proceso_P N_SISTEMAS "PAULINO NAVARRO" VB #</Process><Process ToolSource="C:\Program Files (x86)\ArcGIS\Desktop10.0\ArcToolbox\Toolboxes\Data Management Tools.tbx\CalculateField" Date="20131107" Time="100759">CalculateField sde.SDE.Calles_Proceso_P BANDERA_SISTEMAS 1 VB #</Process><Process ToolSource="C:\Program Files (x86)\ArcGIS\Desktop10.0\ArcToolbox\Toolboxes\Data Management Tools.tbx\CalculateField" Date="20131107" Time="101001">CalculateField sde.SDE.Calles_Proceso_P N_SISTEMAS "ZOQUIPAN" VB #</Process><Process ToolSource="C:\Program Files (x86)\ArcGIS\Desktop10.0\ArcToolbox\Toolboxes\Data Management Tools.tbx\CalculateField" Date="20131107" Time="101007">CalculateField sde.SDE.Calles_Proceso_P BANDERA_SISTEMAS 1 VB #</Process><Process ToolSource="C:\Program Files (x86)\ArcGIS\Desktop10.0\ArcToolbox\Toolboxes\Data Management Tools.tbx\CalculateField" Date="20131107" Time="101246">CalculateField sde.SDE.Calles_Proceso_P N_SISTEMAS "MARIA DEL REFUGIO PUGA" VB #</Process><Process ToolSource="C:\Program Files (x86)\ArcGIS\Desktop10.0\ArcToolbox\Toolboxes\Data Management Tools.tbx\CalculateField" Date="20131107" Time="101038">CalculateField sde.SDE.Calles_Proceso_P TIPO "Avenida" VB #</Process><Process ToolSource="C:\Program Files (x86)\ArcGIS\Desktop10.0\ArcToolbox\Toolboxes\Data Management Tools.tbx\CalculateField" Date="20131107" Time="101254">CalculateField sde.SDE.Calles_Proceso_P BANDERA_SISTEMAS 1 VB #</Process><Process ToolSource="C:\Program Files (x86)\ArcGIS\Desktop10.0\ArcToolbox\Toolboxes\Data Management Tools.tbx\CalculateField" Date="20131107" Time="101457">CalculateField sde.SDE.Calles_Proceso_P N_SISTEMAS "LICENCIADO LUIS PEREZ VERDIA" VB #</Process><Process ToolSource="C:\Program Files (x86)\ArcGIS\Desktop10.0\ArcToolbox\Toolboxes\Data Management Tools.tbx\CalculateField" Date="20131107" Time="101514">CalculateField sde.SDE.Calles_Proceso_P BANDERA_SISTEMAS 1 VB #</Process><Process ToolSource="C:\Program Files (x86)\ArcGIS\Desktop10.0\ArcToolbox\Toolboxes\Data Management Tools.tbx\CalculateField" Date="20131107" Time="101631">CalculateField sde.SDE.Calles_Proceso_P N_SISTEMAS "DOCTOR ALBERTO ROMAN" VB #</Process><Process ToolSource="C:\Program Files (x86)\ArcGIS\Desktop10.0\ArcToolbox\Toolboxes\Data Management Tools.tbx\CalculateField" Date="20131107" Time="101638">CalculateField sde.SDE.Calles_Proceso_P BANDERA_SISTEMAS 1 VB #</Process><Process ToolSource="C:\Program Files (x86)\ArcGIS\Desktop10.0\ArcToolbox\Toolboxes\Data Management Tools.tbx\CalculateField" Date="20131107" Time="101954">CalculateField sde.SDE.Calles_Proceso_P N_SISTEMAS "EVA ARCE DE RIVERA" VB #</Process><Process ToolSource="C:\Program Files (x86)\ArcGIS\Desktop10.0\ArcToolbox\Toolboxes\Data Management Tools.tbx\CalculateField" Date="20131107" Time="102003">CalculateField sde.SDE.Calles_Proceso_P BANDERA_SISTEMAS 1 VB #</Process><Process ToolSource="C:\Program Files (x86)\ArcGIS\Desktop10.0\ArcToolbox\Toolboxes\Data Management Tools.tbx\CalculateField" Date="20131107" Time="102132">CalculateField sde.SDE.Calles_Proceso_P N_SISTEMAS "TOMAS V. GOMEZ" VB #</Process><Process ToolSource="C:\Program Files (x86)\ArcGIS\Desktop10.0\ArcToolbox\Toolboxes\Data Management Tools.tbx\CalculateField" Date="20131107" Time="102143">CalculateField sde.SDE.Calles_Proceso_P BANDERA_SISTEMAS 1 VB #</Process><Process ToolSource="C:\Program Files (x86)\ArcGIS\Desktop10.0\ArcToolbox\Toolboxes\Data Management Tools.tbx\CalculateField" Date="20131107" Time="102229">CalculateField sde.SDE.Calles_Proceso_P N_SISTEMAS "ABEL ANAYA" VB #</Process><Process ToolSource="C:\Program Files (x86)\ArcGIS\Desktop10.0\ArcToolbox\Toolboxes\Data Management Tools.tbx\CalculateField" Date="20131107" Time="102240">CalculateField sde.SDE.Calles_Proceso_P BANDERA_SISTEMAS 1 VB #</Process><Process ToolSource="C:\Program Files (x86)\ArcGIS\Desktop10.0\ArcToolbox\Toolboxes\Data Management Tools.tbx\CalculateField" Date="20131107" Time="102454">CalculateField sde.SDE.Calles_Proceso_P N_SISTEMAS "JESUS ROMO DEL VIVAR" VB #</Process><Process ToolSource="C:\Program Files (x86)\ArcGIS\Desktop10.0\ArcToolbox\Toolboxes\Data Management Tools.tbx\CalculateField" Date="20131107" Time="102514">CalculateField sde.SDE.Calles_Proceso_P BANDERA_SISTEMAS 1 VB #</Process><Process ToolSource="C:\Program Files (x86)\ArcGIS\Desktop10.0\ArcToolbox\Toolboxes\Data Management Tools.tbx\CalculateField" Date="20131107" Time="102429">CalculateField sde.SDE.Calles_Proceso_P BANDERA_SISTEMAS 1 VB #</Process><Process ToolSource="C:\Program Files (x86)\ArcGIS\Desktop10.0\ArcToolbox\Toolboxes\Data Management Tools.tbx\CalculateField" Date="20131107" Time="102441">CalculateField sde.SDE.Calles_Proceso_P N_SISTEMAS "DE LA PATRIA" VB #</Process><Process ToolSource="C:\Program Files (x86)\ArcGIS\Desktop10.0\ArcToolbox\Toolboxes\Data Management Tools.tbx\CalculateField" Date="20131107" Time="102728">CalculateField sde.SDE.Calles_Proceso_P N_SISTEMAS "AMBROSIO ULLOA" VB #</Process><Process ToolSource="C:\Program Files (x86)\ArcGIS\Desktop10.0\ArcToolbox\Toolboxes\Data Management Tools.tbx\CalculateField" Date="20131107" Time="102748">CalculateField sde.SDE.Calles_Proceso_P BANDERA_SISTEMAS 1 VB #</Process><Process ToolSource="C:\Program Files (x86)\ArcGIS\Desktop10.0\ArcToolbox\Toolboxes\Data Management Tools.tbx\CalculateField" Date="20131107" Time="102619">CalculateField sde.SDE.Calles_Proceso_P TIPO "Avenida" VB #</Process><Process ToolSource="C:\Program Files (x86)\ArcGIS\Desktop10.0\ArcToolbox\Toolboxes\Data Management Tools.tbx\CalculateField" Date="20131107" Time="103358">CalculateField sde.SDE.Calles_Proceso_P N_SISTEMAS "BASILIO VADILLO" VB #</Process><Process ToolSource="C:\Program Files (x86)\ArcGIS\Desktop10.0\ArcToolbox\Toolboxes\Data Management Tools.tbx\CalculateField" Date="20131107" Time="103407">CalculateField sde.SDE.Calles_Proceso_P BANDERA_SISTEMAS 1 VB #</Process><Process ToolSource="C:\Program Files (x86)\ArcGIS\Desktop10.0\ArcToolbox\Toolboxes\Data Management Tools.tbx\CalculateField" Date="20131107" Time="103625">CalculateField sde.SDE.Calles_Proceso_P N_SISTEMAS "MANUEL PUGA Y ACAL" VB #</Process><Process ToolSource="C:\Program Files (x86)\ArcGIS\Desktop10.0\ArcToolbox\Toolboxes\Data Management Tools.tbx\CalculateField" Date="20131107" Time="103634">CalculateField sde.SDE.Calles_Proceso_P BANDERA_SISTEMAS 1 VB #</Process><Process ToolSource="C:\Program Files (x86)\ArcGIS\Desktop10.0\ArcToolbox\Toolboxes\Data Management Tools.tbx\CalculateField" Date="20131107" Time="103948">CalculateField sde.SDE.Calles_Proceso_P BANDERA_SISTEMAS 1 VB #</Process><Process ToolSource="C:\Program Files (x86)\ArcGIS\Desktop10.0\ArcToolbox\Toolboxes\Data Management Tools.tbx\CalculateField" Date="20131107" Time="104221">CalculateField sde.SDE.Calles_Proceso_P N_SISTEMAS "PROFESOR LUIS G. MONZON" VB #</Process><Process ToolSource="C:\Program Files (x86)\ArcGIS\Desktop10.0\ArcToolbox\Toolboxes\Data Management Tools.tbx\CalculateField" Date="20131107" Time="104236">CalculateField sde.SDE.Calles_Proceso_P BANDERA_SISTEMAS 1 VB #</Process><Process ToolSource="C:\Program Files (x86)\ArcGIS\Desktop10.0\ArcToolbox\Toolboxes\Data Management Tools.tbx\CalculateField" Date="20131107" Time="104329">CalculateField sde.SDE.Calles_Proceso_P N_SISTEMAS "SAUL RODILES" VB #</Process><Process ToolSource="C:\Program Files (x86)\ArcGIS\Desktop10.0\ArcToolbox\Toolboxes\Data Management Tools.tbx\CalculateField" Date="20131107" Time="104338">CalculateField sde.SDE.Calles_Proceso_P BANDERA_SISTEMAS 1 VB #</Process><Process ToolSource="C:\Program Files (x86)\ArcGIS\Desktop10.0\ArcToolbox\Toolboxes\Data Management Tools.tbx\CalculateField" Date="20131107" Time="104559">CalculateField sde.SDE.Calles_Proceso_P N_SISTEMAS "SAUL RODILES" VB #</Process><Process ToolSource="C:\Program Files (x86)\ArcGIS\Desktop10.0\ArcToolbox\Toolboxes\Data Management Tools.tbx\CalculateField" Date="20131107" Time="104609">CalculateField sde.SDE.Calles_Proceso_P BANDERA_SISTEMAS 1 VB #</Process><Process ToolSource="C:\Program Files (x86)\ArcGIS\Desktop10.0\ArcToolbox\Toolboxes\Data Management Tools.tbx\CalculateField" Date="20131107" Time="104526">CalculateField sde.SDE.Calles_Proceso_P N_SISTEMAS "VICENTE GUERRERO" VB #</Process><Process ToolSource="C:\Program Files (x86)\ArcGIS\Desktop10.0\ArcToolbox\Toolboxes\Data Management Tools.tbx\CalculateField" Date="20131107" Time="105043">CalculateField sde.SDE.Calles_Proceso_P N_SISTEMAS "PROFESOR ALFONSO HERRERA" VB #</Process><Process ToolSource="C:\Program Files (x86)\ArcGIS\Desktop10.0\ArcToolbox\Toolboxes\Data Management Tools.tbx\CalculateField" Date="20131107" Time="105124">CalculateField sde.SDE.Calles_Proceso_P BANDERA_SISTEMAS 1 VB #</Process><Process ToolSource="C:\Program Files (x86)\ArcGIS\Desktop10.0\ArcToolbox\Toolboxes\Data Management Tools.tbx\CalculateField" Date="20131107" Time="105314">CalculateField sde.SDE.Calles_Proceso_P N_SISTEMAS " " VB #</Process><Process ToolSource="C:\Program Files (x86)\ArcGIS\Desktop10.0\ArcToolbox\Toolboxes\Data Management Tools.tbx\CalculateField" Date="20131107" Time="105327">CalculateField sde.SDE.Calles_Proceso_P BANDERA_SISTEMAS 1 VB #</Process><Process ToolSource="C:\Program Files (x86)\ArcGIS\Desktop10.0\ArcToolbox\Toolboxes\Data Management Tools.tbx\CalculateField" Date="20131107" Time="105454">CalculateField sde.SDE.Calles_Proceso_P N_SISTEMAS "DOCTOR ALBERTO ROMAN" VB #</Process><Process ToolSource="C:\Program Files (x86)\ArcGIS\Desktop10.0\ArcToolbox\Toolboxes\Data Management Tools.tbx\CalculateField" Date="20131107" Time="105504">CalculateField sde.SDE.Calles_Proceso_P BANDERA_SISTEMAS 1 VB #</Process><Process ToolSource="C:\Program Files (x86)\ArcGIS\Desktop10.0\ArcToolbox\Toolboxes\Data Management Tools.tbx\CalculateField" Date="20131107" Time="105618">CalculateField sde.SDE.Calles_Proceso_P BANDERA_SISTEMAS 1 VB #</Process><Process ToolSource="C:\Program Files (x86)\ArcGIS\Desktop10.0\ArcToolbox\Toolboxes\Data Management Tools.tbx\CalculateField" Date="20131107" Time="105824">CalculateField sde.SDE.Calles_Proceso_P BANDERA_SISTEMAS 1 VB #</Process><Process ToolSource="C:\Program Files (x86)\ArcGIS\Desktop10.0\ArcToolbox\Toolboxes\Data Management Tools.tbx\CalculateField" Date="20131107" Time="105906">CalculateField sde.SDE.Calles_Proceso_P N_SISTEMAS "NICOLAS BRAVO" VB #</Process><Process ToolSource="C:\Program Files (x86)\ArcGIS\Desktop10.0\ArcToolbox\Toolboxes\Data Management Tools.tbx\CalculateField" Date="20131107" Time="105934">CalculateField sde.SDE.Calles_Proceso_P BANDERA_SISTEMAS 1 VB #</Process><Process ToolSource="C:\Program Files (x86)\ArcGIS\Desktop10.0\ArcToolbox\Toolboxes\Data Management Tools.tbx\CalculateField" Date="20131107" Time="105948">CalculateField sde.SDE.Calles_Proceso_P N_SISTEMAS "5 DE MAYO" VB #</Process><Process ToolSource="C:\Program Files (x86)\ArcGIS\Desktop10.0\ArcToolbox\Toolboxes\Data Management Tools.tbx\CalculateField" Date="20131107" Time="110212">CalculateField sde.SDE.Calles_Proceso_P N_SISTEMAS "LICENCIADO MIGUEL AGUIRRE BERLANGA" VB #</Process><Process ToolSource="C:\Program Files (x86)\ArcGIS\Desktop10.0\ArcToolbox\Toolboxes\Data Management Tools.tbx\CalculateField" Date="20131107" Time="110221">CalculateField sde.SDE.Calles_Proceso_P BANDERA_SISTEMAS 1 VB #</Process><Process ToolSource="C:\Program Files (x86)\ArcGIS\Desktop10.0\ArcToolbox\Toolboxes\Data Management Tools.tbx\CalculateField" Date="20131107" Time="110304">CalculateField sde.SDE.Calles_Proceso_P N_SISTEMAS "INGENIRO VICTORIANO GONGORA" VB #</Process><Process ToolSource="C:\Program Files (x86)\ArcGIS\Desktop10.0\ArcToolbox\Toolboxes\Data Management Tools.tbx\CalculateField" Date="20131107" Time="110315">CalculateField sde.SDE.Calles_Proceso_P BANDERA_SISTEMAS 1 VB #</Process><Process ToolSource="C:\Program Files (x86)\ArcGIS\Desktop10.0\ArcToolbox\Toolboxes\Data Management Tools.tbx\CalculateField" Date="20131107" Time="110343">CalculateField sde.SDE.Calles_Proceso_P BANDERA_SISTEMAS 1 VB #</Process><Process ToolSource="C:\Program Files (x86)\ArcGIS\Desktop10.0\ArcToolbox\Toolboxes\Data Management Tools.tbx\CalculateField" Date="20131107" Time="110412">CalculateField sde.SDE.Calles_Proceso_P N_SISTEMAS "JAVIER MINA" VB #</Process><Process ToolSource="C:\Program Files (x86)\ArcGIS\Desktop10.0\ArcToolbox\Toolboxes\Data Management Tools.tbx\CalculateField" Date="20131107" Time="110518">CalculateField sde.SDE.Calles_Proceso_P BANDERA_SISTEMAS 1 VB #</Process><Process ToolSource="C:\Program Files (x86)\ArcGIS\Desktop10.0\ArcToolbox\Toolboxes\Data Management Tools.tbx\CalculateField" Date="20131107" Time="110742">CalculateField sde.SDE.Calles_Proceso_P N_SISTEMAS "GENERAL JUAN DOMINGUEZ" VB #</Process><Process ToolSource="C:\Program Files (x86)\ArcGIS\Desktop10.0\ArcToolbox\Toolboxes\Data Management Tools.tbx\CalculateField" Date="20131107" Time="110534">CalculateField sde.SDE.Calles_Proceso_P N_SISTEMAS "LA PAZ" VB #</Process><Process ToolSource="C:\Program Files (x86)\ArcGIS\Desktop10.0\ArcToolbox\Toolboxes\Data Management Tools.tbx\CalculateField" Date="20131107" Time="110758">CalculateField sde.SDE.Calles_Proceso_P BANDERA_SISTEMAS 1 VB #</Process><Process ToolSource="C:\Program Files (x86)\ArcGIS\Desktop10.0\ArcToolbox\Toolboxes\Data Management Tools.tbx\CalculateField" Date="20131107" Time="110623">CalculateField sde.SDE.Calles_Proceso_P N_SISTEMAS "RICARDO FLORES MAGON" VB #</Process><Process ToolSource="C:\Program Files (x86)\ArcGIS\Desktop10.0\ArcToolbox\Toolboxes\Data Management Tools.tbx\CalculateField" Date="20131107" Time="110630">CalculateField sde.SDE.Calles_Proceso_P BANDERA_SISTEMAS 1 VB #</Process><Process ToolSource="C:\Program Files (x86)\ArcGIS\Desktop10.0\ArcToolbox\Toolboxes\Data Management Tools.tbx\CalculateField" Date="20131107" Time="110843">CalculateField sde.SDE.Calles_Proceso_P N_SISTEMAS "NIÑOS HEROES" VB #</Process><Process ToolSource="C:\Program Files (x86)\ArcGIS\Desktop10.0\ArcToolbox\Toolboxes\Data Management Tools.tbx\CalculateField" Date="20131107" Time="110903">CalculateField sde.SDE.Calles_Proceso_P BANDERA_SISTEMAS 1 VB #</Process><Process ToolSource="C:\Program Files (x86)\ArcGIS\Desktop10.0\ArcToolbox\Toolboxes\Data Management Tools.tbx\CalculateField" Date="20131107" Time="111826">CalculateField sde.SDE.Calles_Proceso_P N_SISTEMAS "ESTEBAN VACA CALDERON" VB #</Process><Process ToolSource="C:\Program Files (x86)\ArcGIS\Desktop10.0\ArcToolbox\Toolboxes\Data Management Tools.tbx\CalculateField" Date="20131107" Time="111835">CalculateField sde.SDE.Calles_Proceso_P BANDERA_SISTEMAS 1 VB #</Process><Process ToolSource="C:\Program Files (x86)\ArcGIS\Desktop10.0\ArcToolbox\Toolboxes\Data Management Tools.tbx\CalculateField" Date="20131107" Time="112216">CalculateField sde.SDE.Calles_Proceso_P N_SISTEMAS "GENERAL MANUEL M. DIEGUEZ" VB #</Process><Process ToolSource="C:\Program Files (x86)\ArcGIS\Desktop10.0\ArcToolbox\Toolboxes\Data Management Tools.tbx\CalculateField" Date="20131107" Time="112228">CalculateField sde.SDE.Calles_Proceso_P BANDERA_SISTEMAS 1 VB #</Process><Process ToolSource="C:\Program Files (x86)\ArcGIS\Desktop10.0\ArcToolbox\Toolboxes\Data Management Tools.tbx\CalculateField" Date="20131107" Time="112411">CalculateField sde.SDE.Calles_Proceso_P N_SISTEMAS "PABLO QUIROGA" VB #</Process><Process ToolSource="C:\Program Files (x86)\ArcGIS\Desktop10.0\ArcToolbox\Toolboxes\Data Management Tools.tbx\CalculateField" Date="20131107" Time="112422">CalculateField sde.SDE.Calles_Proceso_P BANDERA_SISTEMAS 1 VB #</Process><Process ToolSource="C:\Program Files (x86)\ArcGIS\Desktop10.0\ArcToolbox\Toolboxes\Data Management Tools.tbx\CalculateField" Date="20131107" Time="112631">CalculateField sde.SDE.Calles_Proceso_P N_SISTEMAS "GENERAL MELITON ALBAÑEZ" VB #</Process><Process ToolSource="C:\Program Files (x86)\ArcGIS\Desktop10.0\ArcToolbox\Toolboxes\Data Management Tools.tbx\CalculateField" Date="20131107" Time="112648">CalculateField sde.SDE.Calles_Proceso_P BANDERA_SISTEMAS 1 VB #</Process><Process ToolSource="C:\Program Files (x86)\ArcGIS\Desktop10.0\ArcToolbox\Toolboxes\Data Management Tools.tbx\CalculateField" Date="20131107" Time="112738">CalculateField sde.SDE.Calles_Proceso_P N_SISTEMAS "ANTONIO ANCONDA" VB #</Process><Process ToolSource="C:\Program Files (x86)\ArcGIS\Desktop10.0\ArcToolbox\Toolboxes\Data Management Tools.tbx\CalculateField" Date="20131107" Time="112749">CalculateField sde.SDE.Calles_Proceso_P BANDERA_SISTEMAS 1 VB #</Process><Process ToolSource="C:\Program Files (x86)\ArcGIS\Desktop10.0\ArcToolbox\Toolboxes\Data Management Tools.tbx\CalculateField" Date="20131107" Time="112847">CalculateField sde.SDE.Calles_Proceso_P N_SISTEMAS "ANTONIO ANCONDA" VB #</Process><Process ToolSource="C:\Program Files (x86)\ArcGIS\Desktop10.0\ArcToolbox\Toolboxes\Data Management Tools.tbx\CalculateField" Date="20131107" Time="112857">CalculateField sde.SDE.Calles_Proceso_P BANDERA_SISTEMAS 1 VB #</Process><Process ToolSource="C:\Program Files (x86)\ArcGIS\Desktop10.0\ArcToolbox\Toolboxes\Data Management Tools.tbx\CalculateField" Date="20131107" Time="113359">CalculateField sde.SDE.Calles_Proceso_P N_SISTEMAS "RAFAEL MARTINEZ" VB #</Process><Process ToolSource="C:\Program Files (x86)\ArcGIS\Desktop10.0\ArcToolbox\Toolboxes\Data Management Tools.tbx\CalculateField" Date="20131107" Time="113407">CalculateField sde.SDE.Calles_Proceso_P BANDERA_SISTEMAS 1 VB #</Process><Process ToolSource="C:\Program Files (x86)\ArcGIS\Desktop10.0\ArcToolbox\Toolboxes\Data Management Tools.tbx\CalculateField" Date="20131107" Time="113701">CalculateField sde.SDE.Calles_Proceso_P N_SISTEMAS "LICENCIADO R. MARTINEZ DEE" VB #</Process><Process ToolSource="C:\Program Files (x86)\ArcGIS\Desktop10.0\ArcToolbox\Toolboxes\Data Management Tools.tbx\CalculateField" Date="20131107" Time="113710">CalculateField sde.SDE.Calles_Proceso_P BANDERA_SISTEMAS 1 VB #</Process><Process ToolSource="C:\Program Files (x86)\ArcGIS\Desktop10.0\ArcToolbox\Toolboxes\Data Management Tools.tbx\CalculateField" Date="20131107" Time="113807">CalculateField sde.SDE.Calles_Proceso_P N_SISTEMAS "ALBERTO GONZALEZ M." VB #</Process><Process ToolSource="C:\Program Files (x86)\ArcGIS\Desktop10.0\ArcToolbox\Toolboxes\Data Management Tools.tbx\CalculateField" Date="20131107" Time="113817">CalculateField sde.SDE.Calles_Proceso_P BANDERA_SISTEMAS 1 VB #</Process><Process ToolSource="C:\Program Files (x86)\ArcGIS\Desktop10.0\ArcToolbox\Toolboxes\Data Management Tools.tbx\CalculateField" Date="20131107" Time="115110">CalculateField sde.SDE.Calles_Proceso_P N_SISTEMAS "LICENCIADO R. MARTINES DE LA E" VB #</Process><Process ToolSource="C:\Program Files (x86)\ArcGIS\Desktop10.0\ArcToolbox\Toolboxes\Data Management Tools.tbx\CalculateField" Date="20131107" Time="115319">CalculateField sde.SDE.Calles_Proceso_P N_SISTEMAS "GENERAL MARCELINO GARCIA BARRAGAN" VB #</Process><Process ToolSource="C:\Program Files (x86)\ArcGIS\Desktop10.0\ArcToolbox\Toolboxes\Data Management Tools.tbx\CalculateField" Date="20131107" Time="115328">CalculateField sde.SDE.Calles_Proceso_P BANDERA_SISTEMAS 1 VB #</Process><Process ToolSource="C:\Program Files (x86)\ArcGIS\Desktop10.0\ArcToolbox\Toolboxes\Data Management Tools.tbx\CalculateField" Date="20131107" Time="115419">CalculateField sde.SDE.Calles_Proceso_P N_SISTEMAS "GENERAL JOAQUIN MURRIETA" VB #</Process><Process ToolSource="C:\Program Files (x86)\ArcGIS\Desktop10.0\ArcToolbox\Toolboxes\Data Management Tools.tbx\CalculateField" Date="20131107" Time="115548">CalculateField sde.SDE.Calles_Proceso_P N_SISTEMAS "RAFAEL MARTINEZ" VB #</Process><Process ToolSource="C:\Program Files (x86)\ArcGIS\Desktop10.0\ArcToolbox\Toolboxes\Data Management Tools.tbx\CalculateField" Date="20131107" Time="115556">CalculateField sde.SDE.Calles_Proceso_P BANDERA_SISTEMAS 1 VB #</Process><Process ToolSource="C:\Program Files (x86)\ArcGIS\Desktop10.0\ArcToolbox\Toolboxes\Data Management Tools.tbx\CalculateField" Date="20131107" Time="115734">CalculateField sde.SDE.Calles_Proceso_P N_SISTEMAS "ALBERTO GONZALEZ M." VB #</Process><Process ToolSource="C:\Program Files (x86)\ArcGIS\Desktop10.0\ArcToolbox\Toolboxes\Data Management Tools.tbx\CalculateField" Date="20131107" Time="115743">CalculateField sde.SDE.Calles_Proceso_P BANDERA_SISTEMAS 1 VB #</Process><Process ToolSource="C:\Program Files (x86)\ArcGIS\Desktop10.0\ArcToolbox\Toolboxes\Data Management Tools.tbx\CalculateField" Date="20131107" Time="120055">CalculateField sde.SDE.Calles_Proceso_P N_SISTEMAS "GENERAL REYNALDO GARZA" VB #</Process><Process ToolSource="C:\Program Files (x86)\ArcGIS\Desktop10.0\ArcToolbox\Toolboxes\Data Management Tools.tbx\CalculateField" Date="20131107" Time="115844">CalculateField sde.SDE.Calles_Proceso_P BANDERA_SISTEMAS 1 VB #</Process><Process ToolSource="C:\Program Files (x86)\ArcGIS\Desktop10.0\ArcToolbox\Toolboxes\Data Management Tools.tbx\CalculateField" Date="20131107" Time="120109">CalculateField sde.SDE.Calles_Proceso_P BANDERA_SISTEMAS 1 VB #</Process><Process ToolSource="C:\Program Files (x86)\ArcGIS\Desktop10.0\ArcToolbox\Toolboxes\Data Management Tools.tbx\CalculateField" Date="20131107" Time="115922">CalculateField sde.SDE.Calles_Proceso_P N_SISTEMAS "GENERAL MANUEL M. DIEGUEZ" VB #</Process><Process ToolSource="C:\Program Files (x86)\ArcGIS\Desktop10.0\ArcToolbox\Toolboxes\Data Management Tools.tbx\CalculateField" Date="20131107" Time="120025">CalculateField sde.SDE.Calles_Proceso_P N_SISTEMAS "PAULINO NAVARRO" VB #</Process><Process ToolSource="C:\Program Files (x86)\ArcGIS\Desktop10.0\ArcToolbox\Toolboxes\Data Management Tools.tbx\CalculateField" Date="20131107" Time="120031">CalculateField sde.SDE.Calles_Proceso_P BANDERA_SISTEMAS 1 VB #</Process><Process ToolSource="C:\Program Files (x86)\ArcGIS\Desktop10.0\ArcToolbox\Toolboxes\Data Management Tools.tbx\CalculateField" Date="20131107" Time="121828">CalculateField sde.SDE.Calles_Proceso_P N_SISTEMAS "GENERAL JUAN AGUIRRE E." VB #</Process><Process ToolSource="C:\Program Files (x86)\ArcGIS\Desktop10.0\ArcToolbox\Toolboxes\Data Management Tools.tbx\CalculateField" Date="20131107" Time="121849">CalculateField sde.SDE.Calles_Proceso_P BANDERA_SISTEMAS 1 VB #</Process><Process ToolSource="C:\Program Files (x86)\ArcGIS\Desktop10.0\ArcToolbox\Toolboxes\Data Management Tools.tbx\CalculateField" Date="20131107" Time="121947">CalculateField sde.SDE.Calles_Proceso_P N_SISTEMAS "JUAN AGUIRRE E." VB #</Process><Process ToolSource="C:\Program Files (x86)\ArcGIS\Desktop10.0\ArcToolbox\Toolboxes\Data Management Tools.tbx\CalculateField" Date="20131107" Time="122001">CalculateField sde.SDE.Calles_Proceso_P BANDERA_SISTEMAS 1 VB #</Process><Process ToolSource="C:\Program Files (x86)\ArcGIS\Desktop10.0\ArcToolbox\Toolboxes\Data Management Tools.tbx\CalculateField" Date="20131107" Time="122145">CalculateField sde.SDE.Calles_Proceso_P N_SISTEMAS "GENERAL SALVADOR GONZALEZ" VB #</Process><Process ToolSource="C:\Program Files (x86)\ArcGIS\Desktop10.0\ArcToolbox\Toolboxes\Data Management Tools.tbx\CalculateField" Date="20131107" Time="122214">CalculateField sde.SDE.Calles_Proceso_P BANDERA_SISTEMAS 1 VB #</Process><Process ToolSource="C:\Program Files (x86)\ArcGIS\Desktop10.0\ArcToolbox\Toolboxes\Data Management Tools.tbx\CalculateField" Date="20131107" Time="122843">CalculateField sde.SDE.Calles_Proceso_P N_SISTEMAS "PAULINO OLVERA" VB #</Process><Process ToolSource="C:\Program Files (x86)\ArcGIS\Desktop10.0\ArcToolbox\Toolboxes\Data Management Tools.tbx\CalculateField" Date="20131107" Time="122852">CalculateField sde.SDE.Calles_Proceso_P BANDERA_SISTEMAS 1 VB #</Process><Process ToolSource="C:\Program Files (x86)\ArcGIS\Desktop10.0\ArcToolbox\Toolboxes\Data Management Tools.tbx\CalculateField" Date="20131107" Time="124851">CalculateField sde.SDE.Calles_Proceso_P BANDERA_SISTEMAS 1 VB #</Process><Process ToolSource="C:\Program Files (x86)\ArcGIS\Desktop10.0\ArcToolbox\Toolboxes\Data Management Tools.tbx\CalculateField" Date="20131107" Time="125153">CalculateField sde.SDE.Calles_Proceso_P N_SISTEMAS "ESTEBAN BACA CALDERON" VB #</Process><Process ToolSource="C:\Program Files (x86)\ArcGIS\Desktop10.0\ArcToolbox\Toolboxes\Data Management Tools.tbx\CalculateField" Date="20131107" Time="132250">CalculateField sde.SDE.Calles_Proceso_P N_SISTEMAS "PROLONGACION 20 DE NOVIEMBRE" VB #</Process><Process ToolSource="C:\Program Files (x86)\ArcGIS\Desktop10.0\ArcToolbox\Toolboxes\Data Management Tools.tbx\CalculateField" Date="20131107" Time="132258">CalculateField sde.SDE.Calles_Proceso_P BANDERA_SISTEMAS 1 VB #</Process><Process ToolSource="C:\Program Files (x86)\ArcGIS\Desktop10.0\ArcToolbox\Toolboxes\Data Management Tools.tbx\CalculateField" Date="20131107" Time="151837">CalculateField sde.SDE.Calles_Proceso_P BANDERA_SISTEMAS 1 VB #</Process><Process ToolSource="C:\Program Files (x86)\ArcGIS\Desktop10.0\ArcToolbox\Toolboxes\Data Management Tools.tbx\CalculateField" Date="20131107" Time="151916">CalculateField sde.SDE.Calles_Proceso_P N_SISTEMAS "DEL PARQUE" VB #</Process><Process ToolSource="C:\Program Files (x86)\ArcGIS\Desktop10.0\ArcToolbox\Toolboxes\Data Management Tools.tbx\CalculateField" Date="20131107" Time="152027">CalculateField sde.SDE.Calles_Proceso_P BANDERA_SISTEMAS 1 VB #</Process><Process ToolSource="C:\Program Files (x86)\ArcGIS\Desktop10.0\ArcToolbox\Toolboxes\Data Management Tools.tbx\CalculateField" Date="20131107" Time="152050">CalculateField sde.SDE.Calles_Proceso_P N_SISTEMAS "DOCTOR JUAN MORENO" VB #</Process><Process ToolSource="C:\Program Files (x86)\ArcGIS\Desktop10.0\ArcToolbox\Toolboxes\Data Management Tools.tbx\CalculateField" Date="20131107" Time="152200">CalculateField sde.SDE.Calles_Proceso_P BANDERA_SISTEMAS 1 VB #</Process><Process ToolSource="C:\Program Files (x86)\ArcGIS\Desktop10.0\ArcToolbox\Toolboxes\Data Management Tools.tbx\CalculateField" Date="20131107" Time="152249">CalculateField sde.SDE.Calles_Proceso_P N_SISTEMAS "DOCTOR JOSE MARIA GOMEZ VILLASEÑOR" VB #</Process><Process ToolSource="C:\Program Files (x86)\ArcGIS\Desktop10.0\ArcToolbox\Toolboxes\Data Management Tools.tbx\CalculateField" Date="20131107" Time="152423">CalculateField sde.SDE.Calles_Proceso_P BANDERA_SISTEMAS 1 VB #</Process><Process ToolSource="C:\Program Files (x86)\ArcGIS\Desktop10.0\ArcToolbox\Toolboxes\Data Management Tools.tbx\CalculateField" Date="20131108" Time="084628">CalculateField sde.SDE.Calles_Proceso_P N_SISTEMAS "EMILIO CARRANZA" VB #</Process><Process ToolSource="C:\Program Files (x86)\ArcGIS\Desktop10.0\ArcToolbox\Toolboxes\Data Management Tools.tbx\CalculateField" Date="20131108" Time="084641">CalculateField sde.SDE.Calles_Proceso_P BANDERA_SISTEMAS 1 VB #</Process><Process ToolSource="C:\Program Files (x86)\ArcGIS\Desktop10.0\ArcToolbox\Toolboxes\Data Management Tools.tbx\CalculateField" Date="20131108" Time="090318">CalculateField sde.SDE.Calles_Proceso_P N_SISTEMAS "LAZARO CARDENAS" VB #</Process><Process ToolSource="C:\Program Files (x86)\ArcGIS\Desktop10.0\ArcToolbox\Toolboxes\Data Management Tools.tbx\CalculateField" Date="20131108" Time="090339">CalculateField sde.SDE.Calles_Proceso_P BANDERA_SISTEMAS 1 VB #</Process><Process ToolSource="C:\Program Files (x86)\ArcGIS\Desktop10.0\ArcToolbox\Toolboxes\Data Management Tools.tbx\CalculateField" Date="20131108" Time="090446">CalculateField sde.SDE.Calles_Proceso_P N_SISTEMAS "DEL MAYORDOMO" VB #</Process><Process ToolSource="C:\Program Files (x86)\ArcGIS\Desktop10.0\ArcToolbox\Toolboxes\Data Management Tools.tbx\CalculateField" Date="20131108" Time="090455">CalculateField sde.SDE.Calles_Proceso_P BANDERA_SISTEMAS 1 VB #</Process><Process ToolSource="C:\Program Files (x86)\ArcGIS\Desktop10.0\ArcToolbox\Toolboxes\Data Management Tools.tbx\CalculateField" Date="20131108" Time="090551">CalculateField sde.SDE.Calles_Proceso_P N_SISTEMAS "DEL LAZO" VB #</Process><Process ToolSource="C:\Program Files (x86)\ArcGIS\Desktop10.0\ArcToolbox\Toolboxes\Data Management Tools.tbx\CalculateField" Date="20131108" Time="090649">CalculateField sde.SDE.Calles_Proceso_P BANDERA_SISTEMAS 1 VB #</Process><Process ToolSource="C:\Program Files (x86)\ArcGIS\Desktop10.0\ArcToolbox\Toolboxes\Data Management Tools.tbx\CalculateField" Date="20131108" Time="090912">CalculateField sde.SDE.Calles_Proceso_P N_SISTEMAS "LICENCIADO SILVANO BARBA GONZALEZ" VB #</Process><Process ToolSource="C:\Program Files (x86)\ArcGIS\Desktop10.0\ArcToolbox\Toolboxes\Data Management Tools.tbx\CalculateField" Date="20131108" Time="090928">CalculateField sde.SDE.Calles_Proceso_P BANDERA_SISTEMAS 1 VB #</Process><Process ToolSource="C:\Program Files (x86)\ArcGIS\Desktop10.0\ArcToolbox\Toolboxes\Data Management Tools.tbx\CalculateField" Date="20131108" Time="091113">CalculateField sde.SDE.Calles_Proceso_P N_SISTEMAS "DEL ARBOL" VB #</Process><Process ToolSource="C:\Program Files (x86)\ArcGIS\Desktop10.0\ArcToolbox\Toolboxes\Data Management Tools.tbx\CalculateField" Date="20131108" Time="091121">CalculateField sde.SDE.Calles_Proceso_P BANDERA_SISTEMAS 1 VB #</Process><Process ToolSource="C:\Program Files (x86)\ArcGIS\Desktop10.0\ArcToolbox\Toolboxes\Data Management Tools.tbx\CalculateField" Date="20131108" Time="091333">CalculateField sde.SDE.Calles_Proceso_P BANDERA_SISTEMAS 1 VB #</Process><Process ToolSource="C:\Program Files (x86)\ArcGIS\Desktop10.0\ArcToolbox\Toolboxes\Data Management Tools.tbx\CalculateField" Date="20131108" Time="091558">CalculateField sde.SDE.Calles_Proceso_P N_SISTEMAS "DE LOS LAURELES" VB #</Process><Process ToolSource="C:\Program Files (x86)\ArcGIS\Desktop10.0\ArcToolbox\Toolboxes\Data Management Tools.tbx\CalculateField" Date="20131108" Time="091350">CalculateField sde.SDE.Calles_Proceso_P N_SISTEMAS "EMILIANO ZAPATA" VB #</Process><Process ToolSource="C:\Program Files (x86)\ArcGIS\Desktop10.0\ArcToolbox\Toolboxes\Data Management Tools.tbx\CalculateField" Date="20131108" Time="091607">CalculateField sde.SDE.Calles_Proceso_P BANDERA_SISTEMAS 1 VB #</Process><Process ToolSource="C:\Program Files (x86)\ArcGIS\Desktop10.0\ArcToolbox\Toolboxes\Data Management Tools.tbx\CalculateField" Date="20131108" Time="092902">CalculateField sde.SDE.Calles_Proceso_P N_SISTEMAS "DOCTOR FERNANDO BANDA" VB #</Process><Process ToolSource="C:\Program Files (x86)\ArcGIS\Desktop10.0\ArcToolbox\Toolboxes\Data Management Tools.tbx\CalculateField" Date="20131108" Time="092911">CalculateField sde.SDE.Calles_Proceso_P BANDERA_SISTEMAS 1 VB #</Process><Process ToolSource="C:\Program Files (x86)\ArcGIS\Desktop10.0\ArcToolbox\Toolboxes\Data Management Tools.tbx\CalculateField" Date="20131108" Time="100141">CalculateField sde.SDE.Calles_Proceso_P N_SISTEMAS "PAULINO NAVARRO" VB #</Process><Process ToolSource="C:\Program Files (x86)\ArcGIS\Desktop10.0\ArcToolbox\Toolboxes\Data Management Tools.tbx\CalculateField" Date="20131108" Time="100154">CalculateField sde.SDE.Calles_Proceso_P BANDERA_SISTEMAS 1 VB #</Process><Process ToolSource="C:\Program Files (x86)\ArcGIS\Desktop10.0\ArcToolbox\Toolboxes\Data Management Tools.tbx\CalculateField" Date="20131108" Time="100239">CalculateField sde.SDE.Calles_Proceso_P N_SISTEMAS "PAULINO OLVERA" VB #</Process><Process ToolSource="C:\Program Files (x86)\ArcGIS\Desktop10.0\ArcToolbox\Toolboxes\Data Management Tools.tbx\CalculateField" Date="20131108" Time="101018">CalculateField sde.SDE.Calles_Proceso_P N_SISTEMAS "INGENIERO VICTORIANO GONGORA" VB #</Process><Process ToolSource="C:\Program Files (x86)\ArcGIS\Desktop10.0\ArcToolbox\Toolboxes\Data Management Tools.tbx\CalculateField" Date="20131108" Time="101104">CalculateField sde.SDE.Calles_Proceso_P BANDERA_SISTEMAS 1 VB #</Process><Process ToolSource="C:\Program Files (x86)\ArcGIS\Desktop10.0\ArcToolbox\Toolboxes\Data Management Tools.tbx\CalculateField" Date="20131108" Time="101135">CalculateField sde.SDE.Calles_Proceso_P N_SISTEMAS "MANUEL MARTINEZ VALADEZ" VB #</Process><Process ToolSource="C:\Program Files (x86)\ArcGIS\Desktop10.0\ArcToolbox\Toolboxes\Data Management Tools.tbx\CalculateField" Date="20131108" Time="101533">CalculateField sde.SDE.Calles_Proceso_P N_SISTEMAS "GENERAL REYNALDO GARZA" VB #</Process><Process ToolSource="C:\Program Files (x86)\ArcGIS\Desktop10.0\ArcToolbox\Toolboxes\Data Management Tools.tbx\CalculateField" Date="20131108" Time="101452">CalculateField sde.SDE.Calles_Proceso_P BANDERA_SISTEMAS 1 VB #</Process><Process ToolSource="C:\Program Files (x86)\ArcGIS\Desktop10.0\ArcToolbox\Toolboxes\Data Management Tools.tbx\CalculateField" Date="20131108" Time="101939">CalculateField sde.SDE.Calles_Proceso_P N_SISTEMAS "JUAN AGUIRRE E." VB #</Process><Process ToolSource="C:\Program Files (x86)\ArcGIS\Desktop10.0\ArcToolbox\Toolboxes\Data Management Tools.tbx\CalculateField" Date="20131108" Time="101951">CalculateField sde.SDE.Calles_Proceso_P BANDERA_SISTEMAS 1 VB #</Process><Process ToolSource="C:\Program Files (x86)\ArcGIS\Desktop10.0\ArcToolbox\Toolboxes\Data Management Tools.tbx\CalculateField" Date="20131108" Time="102713">CalculateField sde.SDE.Calles_Proceso_P N_SISTEMAS "27 DE SEPTIEMBRE" VB #</Process><Process ToolSource="C:\Program Files (x86)\ArcGIS\Desktop10.0\ArcToolbox\Toolboxes\Data Management Tools.tbx\CalculateField" Date="20131108" Time="102722">CalculateField sde.SDE.Calles_Proceso_P BANDERA_SISTEMAS 1 VB #</Process><Process ToolSource="C:\Program Files (x86)\ArcGIS\Desktop10.0\ArcToolbox\Toolboxes\Data Management Tools.tbx\CalculateField" Date="20131108" Time="103024">CalculateField sde.SDE.Calles_Proceso_P N_SISTEMAS "MIGUEL GONZALEZ" VB #</Process><Process ToolSource="C:\Program Files (x86)\ArcGIS\Desktop10.0\ArcToolbox\Toolboxes\Data Management Tools.tbx\CalculateField" Date="20131108" Time="103034">CalculateField sde.SDE.Calles_Proceso_P BANDERA_SISTEMAS 1 VB #</Process><Process ToolSource="C:\Program Files (x86)\ArcGIS\Desktop10.0\ArcToolbox\Toolboxes\Data Management Tools.tbx\CalculateField" Date="20131108" Time="103644">CalculateField sde.SDE.Calles_Proceso_P N_SISTEMAS "GRAL. JOAQUIN MURRIETA" VB #</Process><Process ToolSource="C:\Program Files (x86)\ArcGIS\Desktop10.0\ArcToolbox\Toolboxes\Data Management Tools.tbx\CalculateField" Date="20131108" Time="103651">CalculateField sde.SDE.Calles_Proceso_P BANDERA_SISTEMAS 1 VB #</Process><Process ToolSource="C:\Program Files (x86)\ArcGIS\Desktop10.0\ArcToolbox\Toolboxes\Data Management Tools.tbx\CalculateField" Date="20131108" Time="103854">CalculateField sde.SDE.Calles_Proceso_P N_SISTEMAS "LICENCIADO MIGUEL AGUIRRE BERLANGA" VB #</Process><Process ToolSource="C:\Program Files (x86)\ArcGIS\Desktop10.0\ArcToolbox\Toolboxes\Data Management Tools.tbx\CalculateField" Date="20131108" Time="103904">CalculateField sde.SDE.Calles_Proceso_P BANDERA_SISTEMAS 1 VB #</Process><Process ToolSource="C:\Program Files (x86)\ArcGIS\Desktop10.0\ArcToolbox\Toolboxes\Data Management Tools.tbx\CalculateField" Date="20131108" Time="104908">CalculateField sde.SDE.Calles_Proceso_P N_SISTEMAS "12 DE OCTUBRE" VB #</Process><Process ToolSource="C:\Program Files (x86)\ArcGIS\Desktop10.0\ArcToolbox\Toolboxes\Data Management Tools.tbx\CalculateField" Date="20131108" Time="104918">CalculateField sde.SDE.Calles_Proceso_P BANDERA_SISTEMAS 1 VB #</Process><Process ToolSource="C:\Program Files (x86)\ArcGIS\Desktop10.0\ArcToolbox\Toolboxes\Data Management Tools.tbx\CalculateField" Date="20131108" Time="105155">CalculateField sde.SDE.Calles_Proceso_P N_SISTEMAS "1o. DE MAYO" VB #</Process><Process ToolSource="C:\Program Files (x86)\ArcGIS\Desktop10.0\ArcToolbox\Toolboxes\Data Management Tools.tbx\CalculateField" Date="20131108" Time="105206">CalculateField sde.SDE.Calles_Proceso_P BANDERA_SISTEMAS 1 VB #</Process><Process ToolSource="C:\Program Files (x86)\ArcGIS\Desktop10.0\ArcToolbox\Toolboxes\Data Management Tools.tbx\CalculateField" Date="20131108" Time="105530">CalculateField sde.SDE.Calles_Proceso_P N_SISTEMAS "EL COLOMO" VB #</Process><Process ToolSource="C:\Program Files (x86)\ArcGIS\Desktop10.0\ArcToolbox\Toolboxes\Data Management Tools.tbx\CalculateField" Date="20131108" Time="105539">CalculateField sde.SDE.Calles_Proceso_P BANDERA_SISTEMAS 1 VB #</Process><Process ToolSource="C:\Program Files (x86)\ArcGIS\Desktop10.0\ArcToolbox\Toolboxes\Data Management Tools.tbx\CalculateField" Date="20131108" Time="110345">CalculateField sde.SDE.Calles_Proceso_P N_SISTEMAS "C 8 CERRADA" VB #</Process><Process ToolSource="C:\Program Files (x86)\ArcGIS\Desktop10.0\ArcToolbox\Toolboxes\Data Management Tools.tbx\CalculateField" Date="20131108" Time="110355">CalculateField sde.SDE.Calles_Proceso_P BANDERA_SISTEMAS 1 VB #</Process><Process ToolSource="C:\Program Files (x86)\ArcGIS\Desktop10.0\ArcToolbox\Toolboxes\Conversion Tools.tbx\FeatureClassToFeatureClass" Date="20131125" Time="122648">FeatureClassToFeatureClass "Database Connections\Administrador.sde\sde.SDE.Procesos_Colonias_Calles_Sist\sde.SDE.Calles_Proceso_P" "Database Connections\Administrador.sde\sde.SDE.Nomenclatura" Calles # "TIPO "TIPO" true true false 50 Text 0 0 ,First,#,Database Connections\Administrador.sde\sde.SDE.Procesos_Colonias_Calles_Sist\sde.SDE.Calles_Proceso_P,TIPO,-1,-1;N_SISTEMAS "Sistemas" true true false 50 Text 0 0 ,First,#,Database Connections\Administrador.sde\sde.SDE.Procesos_Colonias_Calles_Sist\sde.SDE.Calles_Proceso_P,N_SISTEMAS,-1,-1" #</Process><Process ToolSource="C:\Program Files (x86)\ArcGIS\Desktop10.0\ArcToolbox\Toolboxes\Data Management Tools.tbx\CalculateField" Date="20131125" Time="123237">CalculateField sde.SDE.Calles NOMBRE [N_SISTEMAS] VB #</Process><Process ToolSource="C:\Program Files (x86)\ArcGIS\Desktop10.0\ArcToolbox\Toolboxes\Data Management Tools.tbx\DeleteField" Date="20131125" Time="132610">DeleteField sde.SDE.Calles N_SISTEMAS</Process><Process ToolSource="C:\Program Files (x86)\ArcGIS\Desktop10.0\ArcToolbox\Toolboxes\Data Management Tools.tbx\CalculateField" Date="20131127" Time="122827">CalculateField sde.SDE.Nom_Calles TIPO UCase( [NOMBRE] ) VB #</Process><Process ToolSource="C:\Program Files (x86)\ArcGIS\Desktop10.0\ArcToolbox\Toolboxes\Data Management Tools.tbx\CalculateField" Date="20131127" Time="123103">CalculateField sde.SDE.Nom_Calles TIPO "" VB #</Process><Process ToolSource="C:\Program Files (x86)\ArcGIS\Desktop10.0\ArcToolbox\Toolboxes\Data Management Tools.tbx\CalculateField" Date="20131127" Time="123157">CalculateField sde.SDE.Nom_Calles TIPO "" VB #</Process><Process ToolSource="C:\Program Files (x86)\ArcGIS\Desktop10.0\ArcToolbox\Toolboxes\Data Management Tools.tbx\CalculateField" Date="20131127" Time="123400">CalculateField CALLES NOMBRE "JUAN PABLO II" VB #</Process><Process ToolSource="C:\Program Files (x86)\ArcGIS\Desktop10.0\ArcToolbox\Toolboxes\Data Management Tools.tbx\CalculateField" Date="20131127" Time="123526">CalculateField sde.SDE.Nom_Calles TIPO UCase( [TIPO]  ) VB #</Process><Process ToolSource="C:\Program Files (x86)\ArcGIS\Desktop10.0\ArcToolbox\Toolboxes\Data Management Tools.tbx\CalculateField" Date="20131127" Time="124715">CalculateField CALLES NOMBRE "JUAN PABLO II" VB #</Process><Process ToolSource="C:\Program Files (x86)\ArcGIS\Desktop10.0\ArcToolbox\Toolboxes\Data Management Tools.tbx\CalculateField" Date="20131128" Time="072423">CalculateField CALLES TIPO "AVENIDA" VB #</Process><Process ToolSource="C:\Program Files (x86)\ArcGIS\Desktop10.0\ArcToolbox\Toolboxes\Data Management Tools.tbx\CalculateField" Date="20131128" Time="072452">CalculateField CALLES NOMBRE "JUAN PABLO II" VB #</Process><Process ToolSource="C:\Program Files (x86)\ArcGIS\Desktop10.0\ArcToolbox\Toolboxes\Data Management Tools.tbx\CalculateField" Date="20131128" Time="073751">CalculateField CALLES NOMBRE "JUAN PABLO II" VB #</Process><Process ToolSource="C:\Program Files (x86)\ArcGIS\Desktop10.0\ArcToolbox\Toolboxes\Data Management Tools.tbx\CalculateField" Date="20131128" Time="073813">CalculateField CALLES TIPO "AVENIDA" VB #</Process><Process ToolSource="C:\Program Files (x86)\ArcGIS\Desktop10.0\ArcToolbox\Toolboxes\Data Management Tools.tbx\CalculateField" Date="20131128" Time="131546">CalculateField CALLES TIPO "AVENIDA" VB #</Process><Process ToolSource="C:\Program Files (x86)\ArcGIS\Desktop10.0\ArcToolbox\Toolboxes\Data Management Tools.tbx\CalculateField" Date="20131128" Time="131606">CalculateField CALLES NOMBRE "AURELIO ORTEGA" VB #</Process><Process ToolSource="C:\Program Files (x86)\ArcGIS\Desktop10.0\ArcToolbox\Toolboxes\Data Management Tools.tbx\CalculateField" Date="20131204" Time="081411">CalculateField CALLES NOMBRE "JUAN GIL PRECIADO" VB #</Process><Process ToolSource="C:\Program Files (x86)\ArcGIS\Desktop10.0\ArcToolbox\Toolboxes\Data Management Tools.tbx\CalculateField" Date="20131204" Time="082316">CalculateField CALLES NOMBRE "JUAN GIL PRECIADO" VB #</Process><Process ToolSource="C:\Program Files (x86)\ArcGIS\Desktop10.0\ArcToolbox\Toolboxes\Data Management Tools.tbx\CalculateField" Date="20131204" Time="082403">CalculateField CALLES TIPO "AVENIDA" VB #</Process><Process ToolSource="C:\Program Files (x86)\ArcGIS\Desktop10.0\ArcToolbox\Toolboxes\Data Management Tools.tbx\CalculateField" Date="20131209" Time="142859">CalculateField CALLES NOMBRE "MARIANO OTERO" VB #</Process><Process ToolSource="C:\Program Files (x86)\ArcGIS\Desktop10.0\ArcToolbox\Toolboxes\Data Management Tools.tbx\CalculateField" Date="20131209" Time="143028">CalculateField CALLES NOMBRE "LAZARO CARDENAS" VB #</Process><Process ToolSource="C:\Program Files (x86)\ArcGIS\Desktop10.0\ArcToolbox\Toolboxes\Data Management Tools.tbx\CalculateField" Date="20131209" Time="143239">CalculateField CALLES NOMBRE "MELCHOR OCAMPO" VB #</Process><Process ToolSource="C:\Program Files (x86)\ArcGIS\Desktop10.0\ArcToolbox\Toolboxes\Data Management Tools.tbx\CalculateField" Date="20131209" Time="143610">CalculateField CALLES NOMBRE "LUCIO BLANCO" VB #</Process><Process ToolSource="C:\Program Files (x86)\ArcGIS\Desktop10.0\ArcToolbox\Toolboxes\Data Management Tools.tbx\CalculateField" Date="20131212" Time="101110">CalculateField CALLES NOMBRE "DEL REBOZO" VB #</Process><Process ToolSource="C:\Program Files (x86)\ArcGIS\Desktop10.0\ArcToolbox\Toolboxes\Data Management Tools.tbx\CalculateField" Date="20131223" Time="140541">CalculateField CALLES NOMBRE "[NOMBRE] ="12 DE OCTUBRE"" VB #</Process><Process ToolSource="C:\Program Files (x86)\ArcGIS\Desktop10.0\ArcToolbox\Toolboxes\Data Management Tools.tbx\CalculateField" Date="20131223" Time="140731">CalculateField CALLES NOMBRE "[NOMBRE] ="12 DE OCTUBRE"" VB #</Process><Process ToolSource="c:\program files (x86)\arcgis\desktop10.3\ArcToolbox\Toolboxes\Data Management Tools.tbx\CalculateField" Date="20170613" Time="104543">CalculateField Calles_Nomenclatura NOMBRE "22 de junio"
 VB #</Process><Process ToolSource="c:\program files (x86)\arcgis\desktop10.3\ArcToolbox\Toolboxes\Data Management Tools.tbx\CalculateField" Date="20170714" Time="123647">CalculateField Calles_Nomenclatura Nombre_1 LCase( [NOMBRE] ) VB #</Process><Process ToolSource="c:\program files (x86)\arcgis\desktop10.3\ArcToolbox\Toolboxes\Data Management Tools.tbx\CalculateField" Date="20170714" Time="123859">CalculateField Calles_Nomenclatura Nombre_1 Asc( [NOMBRE] ) VB #</Process><Process ToolSource="c:\program files (x86)\arcgis\desktop10.3\ArcToolbox\Toolboxes\Data Management Tools.tbx\CalculateField" Date="20170714" Time="123954">CalculateField Calles_Nomenclatura Nombre_1 LCase( [NOMBRE] ) VB #</Process><Process ToolSource="c:\program files (x86)\arcgis\desktop10.3\ArcToolbox\Toolboxes\Data Management Tools.tbx\CalculateField" Date="20170714" Time="125617">CalculateField Calles_Nomenclatura Nombre_1 !NOMBRE!.capitalize() PYTHON_9.3 #</Process><Process ToolSource="c:\program files (x86)\arcgis\desktop10.3\ArcToolbox\Toolboxes\Data Management Tools.tbx\CalculateField" Date="20170714" Time="131059">CalculateField Calles_Nomenclatura Nombre_1 !NOMBRE!.capitalize() PYTHON_9.3 #</Process><Process ToolSource="c:\program files (x86)\arcgis\desktop10.3\ArcToolbox\Toolboxes\Data Management Tools.tbx\CalculateField" Date="20170714" Time="131151">CalculateField Calles_Nomenclatura Nombre_1 "!NOMBRE!.capitalize() and !NOMBRE!.capitalize()" PYTHON_9.3 #</Process><Process ToolSource="c:\program files (x86)\arcgis\desktop10.3\ArcToolbox\Toolboxes\Data Management Tools.tbx\CalculateField" Date="20170714" Time="131934">CalculateField Calles_Nomenclatura Nombre_1 !NOMBRE!.capitalize() PYTHON_9.3 #</Process></lineage><itemProps><itemName Sync="TRUE">sde.SDE.Calles</itemName><imsContentType Sync="TRUE">002</imsContentType><itemLocation><linkage Sync="TRUE">file://\\ENRIQUE-PC\E\Cobertura de Transporte Urbano\commondata\calles\Calles_Nomenclatura</linkage><protocol Sync="TRUE">Local Area Network</protocol></itemLocation></itemProps><coordRef><type Sync="TRUE">Projected</type><geogcsn Sync="TRUE">GCS_WGS_1984</geogcsn><projcsn Sync="TRUE">WGS_1984_UTM_Zone_13N</projcsn><peXml Sync="TRUE">&lt;ProjectedCoordinateSystem xsi:type='typens:ProjectedCoordinateSystem' xmlns:xsi='http://www.w3.org/2001/XMLSchema-instance' xmlns:xs='http://www.w3.org/2001/XMLSchema' xmlns:typens='http://www.esri.com/schemas/ArcGIS/10.0'&gt;&lt;WKT&gt;PROJCS[&amp;quot;WGS_1984_UTM_Zone_13N&amp;quot;,GEOGCS[&amp;quot;GCS_WGS_1984&amp;quot;,DATUM[&amp;quot;D_WGS_1984&amp;quot;,SPHEROID[&amp;quot;WGS_1984&amp;quot;,6378137.0,298.257223563]],PRIMEM[&amp;quot;Greenwich&amp;quot;,0.0],UNIT[&amp;quot;Degree&amp;quot;,0.0174532925199433]],PROJECTION[&amp;quot;Transverse_Mercator&amp;quot;],PARAMETER[&amp;quot;False_Easting&amp;quot;,500000.0],PARAMETER[&amp;quot;False_Northing&amp;quot;,0.0],PARAMETER[&amp;quot;Central_Meridian&amp;quot;,-105.0],PARAMETER[&amp;quot;Scale_Factor&amp;quot;,0.9996],PARAMETER[&amp;quot;Latitude_Of_Origin&amp;quot;,0.0],UNIT[&amp;quot;Meter&amp;quot;,1.0],AUTHORITY[&amp;quot;EPSG&amp;quot;,32613]]&lt;/WKT&gt;&lt;XOrigin&gt;521080.72025143902&lt;/XOrigin&gt;&lt;YOrigin&gt;2162477.3240681998&lt;/YOrigin&gt;&lt;XYScale&gt;7812.4999927240387&lt;/XYScale&gt;&lt;ZOrigin&gt;0&lt;/ZOrigin&gt;&lt;ZScale&gt;1&lt;/ZScale&gt;&lt;MOrigin&gt;0&lt;/MOrigin&gt;&lt;MScale&gt;1&lt;/MScale&gt;&lt;XYTolerance&gt;0.0002560000002384187&lt;/XYTolerance&gt;&lt;ZTolerance&gt;2&lt;/ZTolerance&gt;&lt;MTolerance&gt;2&lt;/MTolerance&gt;&lt;HighPrecision&gt;false&lt;/HighPrecision&gt;&lt;WKID&gt;32613&lt;/WKID&gt;&lt;/ProjectedCoordinateSystem&gt;</peXml></coordRef><copyHistory><copy source="C:\Users\Enrique\Documents\Zapopan\Mapa Base Zapopan\New Onu\Calles\Calles_Nomenclatura" dest="\\ENRIQUE-PC\E\Cobertura de Transporte Urbano\commondata\calles\Calles_Nomenclatura" date="20140110" time="10244100"></copy></copyHistory></DataProperties><SyncDate>20131125</SyncDate><SyncTime>12263500</SyncTime><ModDate>20131125</ModDate><ModTime>12263500</ModTime><ArcGISstyle>XTools Pro Metadata</ArcGISstyle></Esri><dataIdInfo><envirDesc Sync="TRUE">Microsoft Windows Server 2008 R2 Version 6.1 (Build 7601) Service Pack 1; ESRI ArcGIS 10.0.0.2414</envirDesc><dataLang><languageCode value="spa" country="MEX"></languageCode></dataLang><idCitation><resTitle Sync="TRUE">sde.SDE.Calles</resTitle><presForm><PresFormCd value="005"></PresFormCd></presForm></idCitation><descKeys><thesaName uuidref="723f6998-058e-11dc-8314-0800200c9a66"></thesaName><keyword Sync="TRUE">002</keyword></descKeys><spatRpType><SpatRepTypCd value="001"></SpatRepTypCd></spatRpType></dataIdInfo><mdLang><languageCode value="spa"></languageCode></mdLang><mdChar><CharSetCd value="004"></CharSetCd></mdChar><distInfo><distFormat><formatName Sync="TRUE">SDE Feature Class</formatName></distFormat></distInfo><mdHrLv><ScopeCd value="005"></ScopeCd></mdHrLv><mdHrLvName Sync="TRUE">dataset</mdHrLvName><refSysInfo><RefSystem><refSysID><identCode code="32613"></identCode><idCodeSpace Sync="TRUE">EPSG</idCodeSpace><idVersion Sync="TRUE">7.4.1</idVersion></refSysID></RefSystem></refSysInfo><spdoinfo><ptvctinf><esriterm Name="sde.SDE.Calles"><efeatyp Sync="TRUE">Simple</efeatyp><efeageom Sync="TRUE">3</efeageom><esritopo Sync="TRUE">FALSE</esritopo><efeacnt Sync="TRUE">0</efeacnt><spindex Sync="TRUE">FALSE</spindex><linrefer Sync="TRUE">FALSE</linrefer></esriterm></ptvctinf></spdoinfo><spatRepInfo><VectSpatRep><topLvl><TopoLevCd value="001"></TopoLevCd></topLvl><geometObjs><geoObjTyp><GeoObjTypCd value="002"></GeoObjTypCd><geoObjCnt Sync="TRUE">0</geoObjCnt></geoObjTyp></geometObjs></VectSpatRep></spatRepInfo><eainfo><detailed Name="sde.SDE.Calles"><enttyp><enttypl Sync="TRUE">sde.SDE.Calles</enttypl><enttypt Sync="TRUE">Feature Class</enttypt><enttypc Sync="TRUE">0</enttypc></enttyp><attr><attrlabl Sync="TRUE">OBJECTID</attrlabl><attalias Sync="TRUE">OBJECTID</attalias><attrtype Sync="TRUE">OID</attrtype><attwidth Sync="TRUE">4</attwidth><atprecis Sync="TRUE">10</atprecis><attscale Sync="TRUE">0</attscale><attrdef Sync="TRUE">Internal feature number.</attrdef><attrdefs Sync="TRUE">ESRI</attrdefs><attrdomv><udom Sync="TRUE">Sequential unique whole numbers that are automatically generated.</udom></attrdomv></attr><attr><attrlabl Sync="TRUE">TIPO</attrlabl><attalias Sync="TRUE">TIPO</attalias><attrtype Sync="TRUE">String</attrtype><attwidth Sync="TRUE">50</attwidth><atprecis Sync="TRUE">0</atprecis><attscale Sync="TRUE">0</attscale></attr><attr><attrlabl Sync="TRUE">N_SISTEMAS</attrlabl><attalias Sync="TRUE">Sistemas</attalias><attrtype Sync="TRUE">String</attrtype><attwidth Sync="TRUE">50</attwidth><atprecis Sync="TRUE">0</atprecis><attscale Sync="TRUE">0</attscale></attr><attr><attrlabl Sync="TRUE">SHAPE</attrlabl><attalias Sync="TRUE">Shape</attalias><attrtype Sync="TRUE">Geometry</attrtype><attwidth Sync="TRUE">4</attwidth><atprecis Sync="TRUE">0</atprecis><attscale Sync="TRUE">0</attscale><attrdef Sync="TRUE">Feature geometry.</attrdef><attrdefs Sync="TRUE">ESRI</attrdefs><attrdomv><udom Sync="TRUE">Coordinates defining the features.</udom></attrdomv></attr><attr><attrlabl Sync="TRUE">SHAPE.len</attrlabl><attalias Sync="TRUE">SHAPE.len</attalias><attrtype Sync="TRUE">Double</attrtype><attwidth Sync="TRUE">0</attwidth><atprecis Sync="TRUE">0</atprecis><attscale Sync="TRUE">0</attscale></attr></detailed></eainfo><mdDateSt Sync="TRUE">20131125</mdDateSt></metadata>
